EVENTO;UF;CN;;MUNICÍPIO;COORDENAÇÃO;SITE;DATA CRIAÇÃO;GESTOR ATUAL;PREVISÃO SOBRESSALENTE
284728540;PB;83;A+;MONTEIRO;;MER;02/12/2022 22:56:50;O&M ACESSO VIVO_N1_NE;-
285353852;RN;84;A+;SANTANA DO MATOS;;SDM;07/12/2022 02:20:59;O&M ACESSO VIVO_N1_NE;-
286274402;PI;86;A+;CAJUEIRO DA PRAIA;PARNAÍBA;CRP;13/12/2022 02:35:41;O&M ACESSO VIVO_N1_NE;-
301386762;BA;;A;SALVADOR;BA-CAPITAL;SOM;11/05/2023 21:51:48;ICOMON_O&M-BA_SE (Terceiro);-
301916672;BA;75;C;MARAGOGIPE;BA-SUL;MGP;19/05/2023 22:07:00;O&M ACESSO VIVO_N1_BA/SE_Sobressalente;-
302088796;CE;88;A+;BELA CRUZ;;BCZ;22/05/2023 22:31:41;O&M ACESSO VIVO_N1_NE_Sobressalente;-
304292865;AL;82;D;SÃO LUÍS DO QUITUNDE;;LQU;14/07/2023 21:45:23;O&M ACESSO VIVO_N1_NE_Fatura_B;-
307385090;BA;;A+;JOÃO DOURADO;BA-NORTE;DRD;17/10/2023 21:29:38;O&M ACESSO VIVO_N1_BA/SE;-
312489793;BA;71;A;SALVADOR;BA-CAPITAL;TCS;29/02/2024 03:02:12;O&M ACESSO VIVO_N1_BA/SE_Sobressalente;-
314647269;AL;82;C;IGREJA NOVA;;IGN;24/04/2024 23:47:46;O&M ACESSO VIVO_N1_BA/SE_Sobressalente;-
314933101;CE;;B;COREAÚ;;CAQ;02/05/2024 09:53:39;ICOMON_O&M-NE (Terceiro);-
314933901;BA;;B;SÍTIO DO MATO;BA-OESTE;FBJ;02/05/2024 09:58:47;O&M ACESSO VIVO_N1_BA/SE;-
314933909;CE;;C;SABOEIRO;;SBJ;02/05/2024 09:58:49;O&M ACESSO VIVO_N1_NE_Fatura_B;-
314934677;BA;;A+;BREJOLÂNDIA;;BJA;02/05/2024 10:04:44;O&M ACESSO VIVO_N1_BA/SE;-
314948793;SE;;C;CAPELA;;SEC;02/05/2024 14:11:37;O&M ACESSO VIVO_N1_BA/SE;-
315149094;BA;;B;PILÃO ARCADO;;XPO;07/05/2024 08:51:28;ICOMON_O&M-BA_SE (Terceiro);-
315520684;BA;71;A;SALVADOR;BA-CAPITAL;CRZ;15/05/2024 21:19:47;ICOMON_O&M-BA_SE (Terceiro);-
316646294;BA;;A+;SÃO SEBASTIÃO DO PASSÉ;BA-CAPITAL;SFO;12/06/2024 09:32:16;O&M ACESSO VIVO_N1_BA/SE_Sobressalente;-
317058724;BA;;A+;CAETITÉ;;FZS;22/06/2024 00:34:18;O&M ACESSO VIVO_N1_BA/SE;-
317082675;BA;77;C;LUÍS EDUARDO MAGALHÃES;BA-OESTE;LED;22/06/2024 16:53:38;O&M ACESSO VIVO_N1_BA/SE_Sobressalente;-
317161228;CE;;A+;AQUIRAZ;;HAM;24/06/2024 21:37:40;O&M ACESSO VIVO_N1_NE;-
317711507;SE;79;C;PORTO DA FOLHA;;PFO;07/07/2024 05:53:22;O&M ACESSO VIVO_N1_BA/SE_Sobressalente;-
317848967;SE;79;A+;ARACAJU;;NBA;10/07/2024 11:38:58;O&M ACESSO VIVO_N1_BA/SE_Sobressalente;-
317930533;PE;81;D;GOIANA;;KLB;12/07/2024 05:51:32;O&M ACESSO VIVO_N1_NE_Acesso;-
318189434;PE;81;A+;RECIFE;;RMP;18/07/2024 06:44:09;O&M ACESSO VIVO_N1_NE_Campo;-
318267122;BA;74;E;VÁRZEA DA ROÇA;BA-NORTE;VDR;19/07/2024 17:36:29;O&M ACESSO VIVO_N1_BA/SE_Sobressalente;-
318352835;PE;81;C;RIBEIRÃO;;ROU;22/07/2024 05:29:33;O&M ACESSO VIVO_N1_NE_Fatura_B;-
318376937;BA;71;A+;SÃO SEBASTIÃO DO PASSÉ;BA-CAPITAL;SFO;22/07/2024 16:12:41;O&M ACESSO VIVO_N1_BA/SE_Sobressalente;-
318609658;BA;71;A;SALVADOR;BA-CAPITAL;PPT;26/07/2024 15:41:10;O&M ACESSO VIVO_N1_BA/SE_Sobressalente;-
319211664;CE;;A+;CRATEÚS;;CRA;07/08/2024 08:49:50;ICOMON_O&M-NE (Terceiro);-
319524676;PI;89;E;ITAUEIRA;;XIA;13/08/2024 08:37:21;O&M ACESSO VIVO_N1_NE_Sobressalente;-
319644926;PE;81;A+;RECIFE;;RCE;15/08/2024 08:09:04;O&M ACESSO VIVO_N1_NE;-
319709576;SE;79;A+;ARACAJU;;ORD;16/08/2024 07:57:03;O&M ACESSO VIVO_N1_BA/SE_Sobressalente;-
319827527;AL;82;;OLHO D'ÁGUA DAS FLORES;;OAF;18/08/2024 13:25:54;O&M ACESSO VIVO_N1_BA/SE;-
319985507;BA;74;A+;JUSSARA;BA-NORTE;QNA;21/08/2024 01:45:22;O&M ACESSO VIVO_N1_BA/SE_Sobressalente;-
320191260;AL;82;B;PILAR;;PYC;23/08/2024 18:30:34;O&M ACESSO VIVO_N1_NE_Sobressalente;-
320191389;BA;75;C;OLINDINA;BA-NORTE;OLC;23/08/2024 18:31:45;O&M ACESSO VIVO_N1_BA/SE;-
320191663;CE;88;A+;CRATO;;MOF;23/08/2024 18:34:30;O&M ACESSO VIVO_N1_NE_Acesso;-
320191734;CE;88;C;QUIXADÁ;;QOO;23/08/2024 18:35:15;O&M ACESSO VIVO_N1_NE;-
320565437;BA;74;D;BARRO ALTO;BA-NORTE;LDB;31/08/2024 03:54:02;O&M ACESSO VIVO_N1_BA/SE_Sobressalente;-
320870917;PE;81;C;SANTA CRUZ DO CAPIBARIBE;;SCK;05/09/2024 13:31:42;O&M ACESSO VIVO_N1_NE_Sobressalente;-
320917787;BA;;;CARAÍBAS;;AGL;06/09/2024 08:39:27;O&M ACESSO VIVO_N1_BA/SE;-
321106063;SE;79;C;LARANJEIRAS;;VOT;10/09/2024 01:05:10;O&M ACESSO VIVO_N1_BA/SE_Acesso;-
321517027;BA;74;B;PILÃO ARCADO;BA-NORTE;PAO;17/09/2024 02:52:32;O&M ACESSO VIVO_N1_BA/SE_Sobressalente;-
322079547;CE;;B;JAGUARIBE;;XJA;26/09/2024 07:52:52;O&M ACESSO VIVO_N1_NE_Vandalismo;-
322648311;PI;89;C;PARNAGUÁ;CURIMATÁ;PRN;04/10/2024 13:18:58;O&M ACESSO VIVO_N1_NE_Acesso;-
322774173;PI;;B;BOM JESUS;BOM JESUS;BJS;07/10/2024 08:47:30;O&M ACESSO VIVO_N1_NE;-
322775802;BA;;A+;ITAPETINGA;;FZO;07/10/2024 08:59:42;O&M ACESSO VIVO_N1_BA/SE;-
322936131;PE;81;A+;RECIFE;;AIR;09/10/2024 21:17:10;O&M ACESSO VIVO2_N1_NE;-
323019019;BA;;A+;PALMAS DE MONTE ALTO;BA-OESTE;PMA;11/10/2024 09:58:47;O&M ACESSO VIVO_N1_BA/SE;-
323380865;PI;89;E;BAIXA GRANDE DO RIBEIRO;FLORIANO;BGE;17/10/2024 20:15:59;O&M ACESSO VIVO_N1_NE;-
323610206;AL;82;A;BARRA DE SÃO MIGUEL;;BML;22/10/2024 21:49:33;O&M ACESSO VIVO_N1_NE;-
323987906;BA;71;D;MATA DE SÃO JOÃO;BA-CAPITAL;CSU;29/10/2024 14:55:34;O&M ACESSO VIVO_N1_BA/SE_Sobressalente;-
324001141;PB;83;A+;JOÃO PESSOA;;PAZ;29/10/2024 20:20:03;O&M ACESSO VIVO_N1_NE_Acesso;-
324103986;BA;75;;MILAGRES;;EML;31/10/2024 14:33:36;O&M ACESSO VIVO_N1_BA/SE_Acesso;-
324417355;BA;75;E;ESPLANADA;BA-NORTE;PLM;06/11/2024 22:56:41;ICOMON_O&M-BA_SE (Terceiro);-
324437383;BA;73;A+;ITABUNA;BA-SUL;ITT;07/11/2024 08:11:29;O&M ACESSO VIVO_N1_BA/SE_Sobressalente;-
324668241;BA;;A+;PALMAS DE MONTE ALTO;BA-OESTE;PMA;11/11/2024 17:33:43;O&M ACESSO VIVO_N1_BA/SE;-
324834751;BA;77;A+;BARREIRAS;BA-OESTE;BID;14/11/2024 06:24:44;O&M ACESSO VIVO_N1_BA/SE;-
324903634;BA;71;D;CAMAÇARI;BA-CAPITAL;BQH;15/11/2024 14:50:05;O&M ACESSO VIVO_N1_BA/SE_Sobressalente;-
324973274;CE;;C;REDENÇÃO;;XRD;17/11/2024 14:15:30;O&M ACESSO VIVO_N1_NE_Fatura_B;-
325118743;BA;71;D;SÃO FRANCISCO DO CONDE;;NRL;19/11/2024 21:38:14;O&M ACESSO VIVO_N1_BA/SE_Acesso;-
325122468;AL;82;B;DOIS RIACHOS;;DOS;19/11/2024 23:57:14;O&M ACESSO VIVO_N1_NE;-
325356726;AL;;;OLHO D'ÁGUA DO CASADO;;OHD;24/11/2024 13:57:34;O&M ACESSO VIVO_N1_BA/SE_Sobressalente;-
325497204;BA;73;B;PORTO SEGURO;BA-SUL;TNO;27/11/2024 03:56:06;O&M ACESSO VIVO_N1_BA/SE;-
325652601;BA;73;D;MEDEIROS NETO;BA-SUL;USM;29/11/2024 13:42:53;O&M ACESSO VIVO_N1_BA/SE_Sobressalente;-
326380671;BA;74;C;PINDOBAÇU;BA-NORTE;CBX;11/12/2024 14:56:41;O&M ACESSO VIVO_N1_BA/SE_Sobressalente;-
326381289;PE;81;A+;CARUARU;;CPC;11/12/2024 15:07:14;O&M ACESSO VIVO_N1_NE_Fatura_B;-
326399964;CE;88;A+;ITAPIPOCA;;BLV;11/12/2024 23:27:55;O&M ACESSO VIVO_N1_NE_Acesso;-
326410352;BA;71;D;CAMAÇARI;BA-CAPITAL;CPV;12/12/2024 03:37:45;O&M ACESSO VIVO_N1_BA/SE_Sobressalente;-
326425713;CE;;A+;AQUIRAZ;;HAM;12/12/2024 10:38:07;O&M ACESSO VIVO_N1_NE;-
326478065;BA;74;B;JUAZEIRO;BA-NORTE;JCC;13/12/2024 02:05:23;O&M ACESSO VIVO_N1_BA/SE;-
326513640;AL;82;B;MACEIÓ;;MCO;13/12/2024 16:46:08;O&M ACESSO VIVO_N1_BA/SE;-
326646838;SE;79;B;ILHA DAS FLORES;;IFL;16/12/2024 12:31:44;O&M ACESSO VIVO_N1_BA/SE_Sobressalente;-
326670593;CE;85;A+;FORTALEZA;;FLA;16/12/2024 21:56:22;O&M ACESSO VIVO_N1_NE_Sobressalente;-
326831358;RN;;A+;LAJES;;XLJ;19/12/2024 12:32:10;O&M ACESSO VIVO_N1_NE_Fatura_B;-
326934075;AL;82;D;PALMEIRA DOS ÍNDIOS;;PNC;21/12/2024 02:04:33;O&M ACESSO VIVO_N1_NE_Sobressalente;-
327072139;BA;71;A;SALVADOR;BA-CAPITAL;VLA;23/12/2024 18:08:37;O&M ACESSO VIVO_N1_BA/SE_Sobressalente;-
327201752;SE;79;A;ITABAIANINHA;;PED;26/12/2024 09:22:09;O&M ACESSO VIVO_N1_BA/SE_Sobressalente;-
327333666;BA;71;A;SALVADOR;BA-CAPITAL;OPH;28/12/2024 19:21:52;O&M ACESSO VIVO_N1_BA/SE_Sobressalente;-
327820727;PB;83;A+;QUEIMADAS;;QMD;07/01/2025 00:32:31;O&M ACESSO VIVO_N1_NE_Sobressalente;-
327825538;CE;88;E;JUCÁS;;POH;07/01/2025 01:46:07;O&M ACESSO VIVO_N1_NE_Fatura_B;-
327866446;BA;;D;CANSANÇÃO;BA-NORTE;CSC;07/01/2025 19:29:51;O&M ACESSO VIVO_N1_BA/SE;-
327909269;SE;79;D;CANINDÉ DE SÃO FRANCISCO;;CFR;08/01/2025 12:43:53;O&M ACESSO VIVO_N1_BA/SE_Sobressalente;-
328071773;AL;82;A+;RIO LARGO;;AIM;11/01/2025 00:09:31;O&M ACESSO VIVO_N1_BA/SE;-
328071786;AL;82;B;TRAIPU;;TRU;11/01/2025 00:09:38;O&M ACESSO VIVO_N1_NE_Sobressalente;-
328165940;PE;81;A+;RECIFE;;NUD;13/01/2025 00:33:02;O&M ACESSO VIVO_N1_NE_Sobressalente;-
328282996;CE;85;D;ITAPAJÉ;;IGE;15/01/2025 00:49:33;O&M ACESSO VIVO_N1_NE_Acesso;-
328310619;BA;71;A;SALVADOR;BA-CAPITAL;SNV;15/01/2025 13:48:07;O&M ACESSO VIVO_N1_BA/SE_Sobressalente;-
328550450;AL;82;A+;SÃO JOSÉ DA LAJE;;ISJ;19/01/2025 15:57:31;O&M ACESSO VIVO_N1_BA/SE;-
328680571;BA;77;C;CÂNDIDO SALES;BA-OESTE;CSS;21/01/2025 10:32:11;ICOMON_O&M-BA_SE (Terceiro);-
328689364;BA;71;A;SALVADOR;BA-CAPITAL;MND;21/01/2025 13:00:31;O&M ACESSO VIVO_N1_BA/SE_Sobressalente;-
328914009;BA;71;A;SALVADOR;BA-CAPITAL;BCL;24/01/2025 19:05:55;O&M ACESSO VIVO_N1_BA/SE_Acesso;-
329130928;AL;82;D;MARAGOGI;;MRA;28/01/2025 17:26:28;O&M ACESSO VIVO_N1_NE;-
329208940;BA;77;A+;BARREIRAS;BA-OESTE;BID;30/01/2025 01:00:46;O&M ACESSO VIVO_N1_BA/SE;-
329605585;PB;83;A+;JOÃO PESSOA;;RDC;06/02/2025 01:15:23;O&M ACESSO VIVO_N1_NE_Acesso;-
329637495;BA;71;A;SALVADOR;;ACA;06/02/2025 11:46:16;O&M ACESSO VIVO_N1_BA/SE_Acesso;-
329647433;PI;89;A+;BARREIRAS DO PIAUÍ;BOM JESUS;BPI;06/02/2025 14:29:30;O&M ACESSO VIVO_N1/N2_MG;-
329833346;PI;89;A+;MASSAPÊ DO PIAUÍ;PICOS;MDP;09/02/2025 15:22:02;O&M ACESSO VIVO_N1_BA/SE_Falta_AC;-
329863985;BA;75;C;ENTRE RIOS;BA-NORTE;MRP;10/02/2025 08:31:21;O&M ACESSO VIVO_N1_BA/SE_Sobressalente;-
329962547;SE;79;B;ESTÂNCIA;;EPS;11/02/2025 22:59:16;O&M ACESSO VIVO_N1_BA/SE;-
330106260;AL;;D;PALMEIRA DOS ÍNDIOS;;XPI;14/02/2025 02:43:28;O&M ACESSO VIVO_N1_NE;-
330107204;BA;75;D;RIO REAL;BA-NORTE;RRC;14/02/2025 03:07:58;O&M ACESSO VIVO_N1_BA/SE;-
330181476;BA;74;C;IRECÊ;BA-NORTE;IAL;14/02/2025 22:59:27;ICOMON_O&M-BA_SE (Terceiro);-
330446598;BA;73;E;UBATÃ;BA-SUL;UBT;18/02/2025 05:26:04;O&M ACESSO VIVO_N1_BA/SE_Sobressalente;-
330464831;BA;75;B;FEIRA DE SANTANA;BA-NORTE;FSM;18/02/2025 11:15:57;O&M ACESSO VIVO_N1_BA/SE_Acesso;-
330487162;PE;81;A+;RECIFE;;RCE;18/02/2025 16:55:28;O&M ACESSO VIVO_N1_NE_Sobressalente;-
330581425;AL;82;B;MACEIÓ;;XCS;19/02/2025 20:21:34;O&M ACESSO VIVO_N1_NE_Sobressalente;-
330586864;BA;71;A;SALVADOR;BA-CAPITAL;ETS;19/02/2025 22:10:15;ICOMON_O&M-BA_SE (Terceiro);-
330593851;SE;79;A+;BARRA DOS COQUEIROS;;BCQ;20/02/2025 00:38:02;O&M ACESSO VIVO_N1_BA/SE_Acesso;-
330681616;CE;88;B;ALTO SANTO;;ASH;21/02/2025 02:09:11;O&M ACESSO VIVO_N1_NE_Vandalismo;-
330681674;CE;88;A+;CEDRO;;LWD;21/02/2025 02:09:38;O&M ACESSO VIVO_N1_NE_Acesso;-
330740773;PB;;C;UMBUZEIRO;;XUM;21/02/2025 19:35:23;ICOMON_O&M-NE (Terceiro);-
330962266;AL;82;A+;ARAPIRACA;;PMQ;25/02/2025 04:54:08;O&M ACESSO VIVO_N1_NE;-
331000421;RN;;A+;NATAL;;SMB;25/02/2025 15:44:27;O&M ACESSO VIVO_N1_NE_Sobressalente;-
332630812;AL;82;B;OURO BRANCO;;OUB;04/03/2025 03:51:03;ICOMON_O&M-NE (Terceiro);-
332976191;SE;79;B;ITABAIANA;;RBR;05/03/2025 13:30:37;O&M ACESSO VIVO_N1_BA/SE_Acesso;-
333342816;BA;71;D;CAMAÇARI;BA-CAPITAL;VIC;06/03/2025 22:39:12;ICOMON_O&M-BA_SE (Terceiro);-
333643394;BA;74;D;SENTO SÉ;BA-NORTE;SOE;08/03/2025 02:22:23;O&M ACESSO VIVO_N1_BA/SE;-
334620433;BA;;A;SALVADOR;BA-CAPITAL;RDA;11/03/2025 19:19:45;ICOMON_O&M-BA_SE (Terceiro);-
334872429;PE;;A+;RECIFE;;XEA;12/03/2025 17:39:46;O&M ACESSO VIVO_N1_NE_Fatura_B;-
335068819;BA;71;A;SALVADOR;BA-CAPITAL;MED;13/03/2025 11:09:32;O&M ACESSO VIVO_N1_BA/SE;-
336130159;BA;75;A;SANTO ANTÔNIO DE JESUS;BA-SUL;SBN;17/03/2025 10:38:30;O&M ACESSO VIVO_N1_BA/SE_Sobressalente;-
336605065;SE;79;B;ILHA DAS FLORES;;IFL;19/03/2025 03:51:17;O&M ACESSO VIVO_N1_BA/SE_Sobressalente;-
337162979;BA;73;B;PORTO SEGURO;BA-SUL;LTR;21/03/2025 01:40:06;O&M ACESSO VIVO_N1_BA/SE_Sobressalente;-
337454078;SE;79;B;JAPARATUBA;;JPB;22/03/2025 01:50:47;O&M ACESSO VIVO_N1_BA/SE_Sobressalente;-
337710903;BA;75;D;NOVA SOURE;BA-NORTE;NOC;23/03/2025 01:26:39;O&M ACESSO VIVO_N1_BA/SE_Fatura_B;-
338133098;BA;73;B;TEIXEIRA DE FREITAS;BA-SUL;TAF;24/03/2025 15:39:00;O&M ACESSO VIVO_N1_BA/SE_Sobressalente;-
338144513;SE;79;B;ITABAIANA;;RBR;24/03/2025 16:34:13;O&M ACESSO VIVO_N1_BA/SE_Acesso;-
338154877;PI;86;A+;TERESINA;TERESINA;TSA;24/03/2025 17:23:27;O&M ACESSO VIVO_N1_NE_Sobressalente;-
338310951;PB;83;D;BANANEIRAS;;BNS;25/03/2025 06:23:53;O&M ACESSO VIVO_N1_NE;-
338482704;BA;77;B;MORPARÁ;BA-OESTE;MPA;25/03/2025 23:17:53;O&M ACESSO VIVO_N1_BA/SE_Sobressalente;-
338675182;CE;85;A+;FORTALEZA;;TIW;26/03/2025 18:12:35;O&M ACESSO VIVO_N1_NE_Sobressalente;-
338719074;AL;82;C;JAPARATINGA;;BBQ;26/03/2025 22:22:13;O&M ACESSO VIVO_N1_NE_Vandalismo;-
338846982;CE;88;C;TIANGUÁ;;TIA;27/03/2025 11:20:21;O&M ACESSO VIVO_N1_NE_Acesso;-
339042544;RN;84;A+;CEARÁ-MIRIM;;MRU;28/03/2025 06:56:54;ICOMON_O&M-NE (Terceiro);-
339137006;AL;82;A+;SÃO JOSÉ DA LAJE;;ISJ;28/03/2025 16:06:12;O&M ACESSO VIVO_N1_BA/SE;-
339453336;PI;89;D;SANTO ANTÔNIO DE LISBOA;PICOS;STL;30/03/2025 01:31:33;O&M ACESSO VIVO_N1_NE_Acesso;-
339560403;BA;75;A+;SANTO AMARO;;SNT;30/03/2025 13:07:49;O&M ACESSO VIVO_N1_BA/SE_Acesso;-
339716546;PI;86;D;LUÍS CORREIA;PARNAÍBA;CQP;31/03/2025 11:17:58;O&M ACESSO VIVO_N1_NE_Acesso;-
339763771;BA;71;B;LAURO DE FREITAS;BA-CAPITAL;IPG;31/03/2025 15:34:05;O&M ACESSO VIVO_N1_BA/SE_Sobressalente;-
339831503;BA;77;B;GUANAMBI;BA-OESTE;GEB;31/03/2025 22:06:30;ICOMON_O&M-BA_SE (Terceiro);-
339881466;BA;73;E;CAMACAN;BA-SUL;CAM;01/04/2025 03:27:12;O&M ACESSO VIVO_N1_BA/SE_Sobressalente;-
339926691;BA;75;D;CONCEIÇÃO DA FEIRA;BA-NORTE;CCF;01/04/2025 08:16:57;O&M ACESSO VIVO_N1_BA/SE_Sobressalente;-
339991782;BA;74;A+;TAPIRAMUTÁ;BA-NORTE;VTG;01/04/2025 14:35:23;O&M ACESSO VIVO_N1_BA/SE_Sobressalente;-
340050080;PI;89;C;JÚLIO BORGES;CURIMATÁ;JLB;01/04/2025 20:27:18;O&M ACESSO VIVO_N1_NE_Acesso;-
340069452;SE;79;A+;ARACAJU;;EBT;01/04/2025 22:26:01;O&M ACESSO VIVO_N1_BA/SE_FIXA;-
340097058;BA;75;C;SÃO FELIPE;BA-SUL;SFP;02/04/2025 01:20:12;O&M ACESSO VIVO_N1_BA/SE_Sobressalente;-
340100821;BA;77;A+;CARINHANHA;BA-OESTE;CHC;02/04/2025 01:40:20;O&M ACESSO VIVO_N1_BA/SE_Fatura_B;-
340101134;PI;89;E;BAIXA GRANDE DO RIBEIRO;FLORIANO;BGE;02/04/2025 01:41:34;O&M ACESSO VIVO2_N1_NE;-
340550443;AL;82;A+;ARAPIRACA;;ESL;03/04/2025 21:59:19;ICOMON_O&M-NE (Terceiro);-
340609325;BA;75;C;ALAGOINHAS;BA-NORTE;AST;04/04/2025 04:23:33;O&M ACESSO VIVO_N1_BA/SE_Sobressalente;-
340632610;SE;79;D;TOBIAS BARRETO;;TCD;04/04/2025 07:07:26;O&M ACESSO VIVO_N1_BA/SE_Sobressalente;-
340746509;PE;87;A+;DORMENTES;;DCA;04/04/2025 18:49:35;O&M ACESSO VIVO_N1_NE_Fatura_B;-
340808909;PE;81;A+;JABOATÃO DOS GUARARAPES;;SGR;05/04/2025 02:06:00;O&M ACESSO VIVO_N1_NE_Fatura_B;-
340819883;CE;88;A+;MORADA NOVA;;MON;05/04/2025 03:21:31;O&M ACESSO VIVO_N1_NE_Sobressalente;-
341115706;AL;82;B;MACEIÓ;;CNS;06/04/2025 17:28:27;O&M ACESSO VIVO_N1_NE_Sobressalente;-
341212772;SE;79;D;SANTA LUZIA DO ITANHY;;SLY;07/04/2025 07:16:51;O&M ACESSO VIVO_N1_BA/SE_Sobressalente;-
341281180;AL;82;B;MACEIÓ;;SSM;07/04/2025 17:30:14;O&M ACESSO VIVO_N1_BA/SE_Sobressalente;-
341285218;AL;82;A+;RIO LARGO;;TPI;07/04/2025 18:02:30;O&M ACESSO VIVO_N1_BA/SE_Fatura_B;-
341338290;CE;85;D;ITAPAJÉ;;ICR;08/04/2025 01:53:53;O&M ACESSO VIVO_N1_NE_Sobressalente;-
341466799;BA;74;E;VÁRZEA DA ROÇA;BA-NORTE;VDR;08/04/2025 19:01:37;O&M ACESSO VIVO_N1_BA/SE;-
341505388;SE;;A+;ARACAJU;;GUV;09/04/2025 00:20:47;O&M ACESSO VIVO_N1_BA/SE;-
341518777;BA;75;C;AMARGOSA;BA-SUL;AMG;09/04/2025 04:52:09;O&M ACESSO VIVO_N1_BA/SE_Sobressalente;-
341518882;BA;71;A;SALVADOR;BA-CAPITAL;EBN;09/04/2025 04:52:25;O&M ACESSO VIVO_N1_BA/SE;-
341537001;SE;79;B;ESTÂNCIA;;BHM;09/04/2025 12:29:48;O&M ACESSO VIVO_N1_BA/SE_Sobressalente;-
341537327;SE;79;A+;ARACAJU;;DIA;09/04/2025 12:38:03;O&M ACESSO VIVO_N1_BA/SE_Sobressalente;-
341559217;BA;73;B;TEIXEIRA DE FREITAS;BA-SUL;TAF;09/04/2025 21:42:54;O&M ACESSO VIVO_N1_BA/SE_Sobressalente;-
341576982;PI;89;A+;DOM INOCÊNCIO;SÃO RAIMUNDO NONATO;DIN;10/04/2025 05:38:14;O&M ACESSO VIVO_N1_NE_Acesso;-
341590047;BA;75;D;PARIPIRANGA;BA-NORTE;PRP;10/04/2025 11:12:21;O&M ACESSO VIVO_N1_BA/SE_Sobressalente;-
341593191;PI;86;A+;PASSAGEM FRANCA DO PIAUÍ;;OTG;10/04/2025 12:13:54;O&M ACESSO VIVO_N1_NE_Acesso;-
341615436;CE;;A+;FORTALEZA;;SIF;10/04/2025 21:07:14;O&M ACESSO VIVO_N1_NE_Acesso;-
341617202;CE;88;A;SOBRAL;;SAZ;10/04/2025 21:55:27;O&M ACESSO VIVO_N1_NE;-
341617829;AL;82;D;PALMEIRA DOS ÍNDIOS;;GCR;10/04/2025 22:06:30;O&M ACESSO VIVO_N1_BA/SE_Fatura_B;-
341627880;BA;74;A+;UMBURANAS;BA-NORTE;UBS;11/04/2025 03:16:35;O&M ACESSO VIVO_N1_BA/SE_Sobressalente;-
341648235;BA;71;D;CAMAÇARI;BA-CAPITAL;ARB;11/04/2025 12:29:28;O&M ACESSO VIVO_N1_BA/SE_Sobressalente;-
341652690;PE;;A+;RECIFE;;XEM;11/04/2025 14:05:23;O&M ACESSO VIVO_N1_NE_Fatura_B;-
341655139;BA;74;C;IRECÊ;BA-NORTE;ICC;11/04/2025 14:54:16;O&M ACESSO VIVO_N1_BA/SE;-
341659585;BA;74;D;IBITITÁ;BA-NORTE;IFN;11/04/2025 16:25:47;O&M ACESSO VIVO_N1_BA/SE_Sobressalente;-
341660707;BA;71;A;SALVADOR;BA-CAPITAL;SNV;11/04/2025 16:51:59;O&M ACESSO VIVO_N1_BA/SE_Sobressalente;-
341670398;PB;83;A+;JOÃO PESSOA;;EST;11/04/2025 21:35:50;O&M ACESSO VIVO_N1_NE_Sobressalente;-
341710364;SE;79;B;ESTÂNCIA;;SRR;12/04/2025 17:01:28;O&M ACESSO VIVO_N1_BA/SE_Sobressalente;-
341713195;BA;75;C;EUCLIDES DA CUNHA;BA-NORTE;ECC;12/04/2025 17:18:14;O&M ACESSO VIVO_N1_BA/SE_Sobressalente;-
341732215;PE;81;D;GOIANA;;GFB;13/04/2025 06:21:03;O&M ACESSO VIVO_N1_NE_Acesso;-
341742144;BA;71;A;SALVADOR;BA-CAPITAL;ACN;13/04/2025 12:03:16;O&M ACESSO VIVO_N1_BA/SE_Sobressalente;-
341750890;PE;81;A+;RECIFE;;ORY;13/04/2025 17:00:22;O&M ACESSO VIVO_N1_NE_Fatura_B;-
341768695;RN;84;E;TOUROS;;TOV;14/04/2025 04:49:45;O&M ACESSO VIVO2_N1_NE;-
341773569;BA;71;D;CAMAÇARI;BA-CAPITAL;ITC;14/04/2025 07:27:57;O&M ACESSO VIVO_N1_BA/SE_Sobressalente;-
341788373;PI;86;A+;PARNAÍBA;PARNAÍBA;LHU;14/04/2025 13:07:48;O&M ACESSO VIVO_N1_NE_Acesso;-
341794029;RN;84;A+;NATAL;;SNG;14/04/2025 15:12:02;ICOMON_O&M-NE (Terceiro);-
341797577;BA;71;D;MATA DE SÃO JOÃO;BA-CAPITAL;ASA;14/04/2025 16:08:05;O&M ACESSO VIVO_N1_BA/SE_Sobressalente;-
341808492;AL;82;E;TEOTÔNIO VILELA;;TVR;14/04/2025 21:43:29;O&M ACESSO VIVO_N1_NE_Sobressalente;-
341810957;AL;82;C;PENEDO;;PEN;14/04/2025 23:32:38;O&M ACESSO VIVO_N1_BA/SE_Fatura_B;-
341818239;BA;71;A;SALVADOR;BA-CAPITAL;AQN;15/04/2025 04:43:05;O&M ACESSO VIVO_N1_BA/SE_Sobressalente;-
341832136;BA;73;B;PORTO SEGURO;;FAT;15/04/2025 10:52:19;ICOMON_O&M-BA_SE (Terceiro);-
341835256;BA;75;B;FEIRA DE SANTANA;BA-NORTE;FJC;15/04/2025 11:47:33;O&M ACESSO VIVO_N1_BA/SE_Sobressalente;-
341855766;BA;77;D;OLIVEIRA DOS BREJINHOS;BA-OESTE;OVB;15/04/2025 18:40:57;O&M ACESSO VIVO_N1_BA/SE_Sobressalente;-
341863020;BA;75;E;SANTA TEREZINHA;BA-NORTE;STH;15/04/2025 23:29:06;O&M ACESSO VIVO_N1_BA/SE_Sobressalente;-
341868265;BA;71;A;SALVADOR;BA-CAPITAL;PSV;16/04/2025 02:10:04;O&M ACESSO VIVO_N1_BA/SE_Sobressalente;-
341873310;BA;77;A+;SERRA DO RAMALHO;BA-OESTE;SRM;16/04/2025 05:32:25;O&M ACESSO VIVO_N1_BA/SE_Sobressalente;-
341893118;SE;79;A+;ARACAJU;;SSS;16/04/2025 13:30:35;O&M ACESSO VIVO_N1_BA/SE_Sobressalente;-
341907703;PI;86;A+;MADEIRO;ESPERANTINA;MDR;16/04/2025 19:21:38;O&M ACESSO VIVO_N1_NE_Fatura_B;-
341915081;CE;88;B;JAGUARIBE;;XJA;16/04/2025 23:49:32;O&M ACESSO VIVO_N1_NE_Acesso;-
341917584;CE;85;A+;BATURITÉ;;IBA;17/04/2025 00:40:54;O&M ACESSO VIVO_N1_NE_Acesso;-
341932194;CE;88;B;JAGUARIBE;;XJA;17/04/2025 07:51:50;O&M ACESSO VIVO_N1_NE_Acesso;-
341955008;PI;89;A+;SÃO RAIMUNDO NONATO;;XON;17/04/2025 18:12:09;O&M ACESSO VIVO_N1_NE_Sobressalente;-
341972568;BA;74;B;JUAZEIRO;BA-NORTE;JCC;18/04/2025 06:46:24;O&M ACESSO VIVO_N1_BA/SE_Sobressalente;-
341977274;CE;88;B;JAGUARIBE;;XJA;18/04/2025 09:36:07;O&M ACESSO VIVO_N1_NE_Fatura_B;-
341981068;CE;88;B;JAGUARIBE;;XJA;18/04/2025 11:41:24;O&M ACESSO VIVO_N1_NE_Fatura_B;-
341987815;CE;88;B;JAGUARIBE;;XJA;18/04/2025 14:17:05;O&M ACESSO VIVO_N1_NE_Fatura_B;-
342000613;BA;71;D;MATA DE SÃO JOÃO;BA-CAPITAL;PDF;18/04/2025 20:16:38;O&M ACESSO VIVO_N1_BA/SE_Sobressalente;-
342018750;BA;75;C;SERRINHA;BA-NORTE;SOR;19/04/2025 08:47:22;O&M ACESSO VIVO_N1_BA/SE_Sobressalente;-
342020709;CE;88;B;JAGUARIBE;;XJA;19/04/2025 10:01:02;O&M ACESSO VIVO_N1_NE_Fatura_B;-
342024032;CE;88;B;JAGUARIBE;;XJA;19/04/2025 11:51:06;O&M ACESSO VIVO_N1_NE_Fatura_B;-
342029586;CE;88;B;JAGUARIBE;;XJA;19/04/2025 14:06:44;O&M ACESSO VIVO_N1_NE_Fatura_B;-
342038969;CE;85;A+;FORTALEZA;;AFC;19/04/2025 18:14:45;O&M ACESSO VIVO_N1_NE_Acesso;-
342089923;BA;73;C;CARAVELAS;;CJT;20/04/2025 22:54:36;O&M ACESSO VIVO_N1_BA/SE_Sobressalente;-
342148498;BA;71;A;SALVADOR;BA-CAPITAL;PAQ;22/04/2025 08:39:24;O&M ACESSO VIVO_N1_BA/SE_Sobressalente;-
342156139;AL;82;B;MACEIÓ;;XFP;22/04/2025 11:24:31;O&M ACESSO VIVO_N1_NE_Sobressalente;-
342159243;BA;71;A;SALVADOR;BA-CAPITAL;APM;22/04/2025 12:18:57;O&M ACESSO VIVO_N1_BA/SE_Fatura_B;-
342179133;BA;74;D;REMANSO;;NRE;22/04/2025 19:14:49;O&M ACESSO VIVO_N1_BA/SE_Acesso;-
342190180;PB;83;A+;JOÃO PESSOA;;SEX;23/04/2025 01:52:03;ICOMON_O&M-NE (Terceiro);-
342192441;PI;86;A+;TERESINA;TERESINA;GRI;23/04/2025 03:13:46;O&M ACESSO VIVO_N1_NE_Acesso;-
342210609;BA;71;A;SALVADOR;BA-CAPITAL;MPL;23/04/2025 11:51:45;ICOMON_O&M-BA_SE (Terceiro);-
342212498;PI;89;D;URUÇUÍ;FLORIANO;UUU;23/04/2025 12:56:49;ICOMON_O&M-NE (Terceiro);-
342246413;BA;71;A;SALVADOR;BA-CAPITAL;SPN;24/04/2025 09:58:36;O&M ACESSO VIVO_N1_BA/SE;-
342250056;PI;86;C;BARRAS;ESPERANTINA;BRR;24/04/2025 11:27:53;ICOMON_O&M-NE (Terceiro);-
342267984;PE;81;B;OLINDA;;OJB;24/04/2025 17:30:14;O&M ACESSO VIVO_N1_NE_Sobressalente;-
342295643;PB;83;A+;JOÃO PESSOA;;XBC;25/04/2025 07:31:14;O&M ACESSO VIVO_N1_NE_Sobressalente;-
342301787;BA;71;D;CAMAÇARI;BA-CAPITAL;CAA;25/04/2025 10:24:57;ICOMON_O&M-BA_SE (Terceiro);-
342307313;SE;79;B;CARMÓPOLIS;;CAP;25/04/2025 12:36:40;O&M ACESSO VIVO_N1_BA/SE;-
342313630;SE;;A+;ARACAJU;;CMC;25/04/2025 15:12:38;O&M ACESSO VIVO_N1_BA/SE;-
342313637;SE;;A+;ARACAJU;;CMC;25/04/2025 15:12:40;O&M ACESSO VIVO_N1_BA/SE_Sobressalente;-
342320225;BA;77;C;LUÍS EDUARDO MAGALHÃES;BA-OESTE;BSC;25/04/2025 18:17:01;O&M ACESSO VIVO_N1_BA/SE_Sobressalente;-
342323773;SE;79;D;ROSÁRIO DO CATETE;;VRD;25/04/2025 20:33:42;O&M ACESSO VIVO_N1_BA/SE_Acesso;-
342335478;BA;75;E;QUIJINGUE;BA-NORTE;QJG;26/04/2025 04:52:14;O&M ACESSO VIVO_N1_BA/SE_Sobressalente;-
342348608;CE;85;A+;FORTALEZA;;FLA;26/04/2025 12:13:18;O&M ACESSO VIVO_N1_NE_Acesso;-
342383284;BA;77;;IRAMAIA;;IRM;27/04/2025 11:25:08;O&M ACESSO VIVO_N1_BA/SE_Acesso;-
342399017;BA;74;E;IBIPEBA;BA-NORTE;IUI;27/04/2025 19:57:29;O&M ACESSO VIVO_N1_BA/SE_Sobressalente;-
342423919;BA;71;A;SALVADOR;BA-CAPITAL;APM;28/04/2025 11:42:37;O&M ACESSO VIVO_N1_BA/SE_Sobressalente;-
342424426;BA;;A;SALVADOR;BA-CAPITAL;TCS;28/04/2025 11:52:29;ICOMON_O&M-BA_SE (Terceiro);-
342442997;PE;87;B;GARANHUNS;;GCH;28/04/2025 20:30:25;O&M ACESSO VIVO_N1_NE_Sobressalente;-
342458860;PI;86;A+;TERESINA;;RSS;29/04/2025 08:11:09;O&M ACESSO VIVO_N1_NE_Acesso;-
342474073;PB;83;A+;JOÃO PESSOA;;RDC;29/04/2025 14:45:11;O&M ACESSO VIVO_N1_NE_Acesso;-
342484848;BA;71;A;SALVADOR;BA-CAPITAL;AMA;29/04/2025 18:49:29;O&M ACESSO VIVO_N1_BA/SE;-
342492785;BA;73;D;ILHÉUS;BA-SUL;BVT;29/04/2025 23:36:02;O&M ACESSO VIVO_N1_BA/SE;-
342513760;SE;79;B;ITABAIANA;;ISP;30/04/2025 11:07:00;ICOMON_O&M-BA_SE (Terceiro);-
342517488;BA;71;A;SALVADOR;BA-CAPITAL;RDV;30/04/2025 12:21:33;O&M ACESSO VIVO_N1_BA/SE_Sobressalente;-
342520110;PB;;A+;PIANCÓ;;PAO;30/04/2025 13:27:29;O&M ACESSO VIVO_N1_NE_Fatura_B;-
342523713;CE;85;A+;FORTALEZA;;PFG;30/04/2025 14:46:30;O&M ACESSO VIVO_N1_NE_Acesso;-
342533124;BA;;A;SALVADOR;BA-CAPITAL;RCA;30/04/2025 18:17:31;ICOMON_O&M-BA_SE (Terceiro);-
342542158;BA;71;A;SALVADOR;BA-CAPITAL;HPM;30/04/2025 23:04:37;O&M ACESSO VIVO_N1_BA/SE_Sobressalente;-
342560077;SE;79;A;PEDRINHAS;;PEC;01/05/2025 10:39:16;O&M ACESSO VIVO_N1_BA/SE_Sobressalente;-
342561653;PI;89;C;PARNAGUÁ;CURIMATÁ;PRN;01/05/2025 11:21:37;ICOMON_O&M-NE (Terceiro);-
342562587;PB;83;A+;JOÃO PESSOA;;HJG;01/05/2025 11:51:36;O&M ACESSO VIVO_N1_NE_Acesso;-
342562960;BA;74;A+;CASA NOVA;BA-NORTE;CSN;01/05/2025 11:55:52;O&M ACESSO VIVO_N1_BA/SE_Sobressalente;-
342562965;BA;74;B;JAGUARARI;BA-NORTE;JGI;01/05/2025 11:55:56;O&M ACESSO VIVO_N1_BA/SE_Sobressalente;-
342563007;BA;73;B;PORTO SEGURO;BA-SUL;BAI;01/05/2025 11:56:48;O&M ACESSO VIVO_N1_BA/SE_Sobressalente;-
342563700;BA;73;A+;MUCURI;BA-SUL;MUI;01/05/2025 12:08:35;ICOMON_O&M-BA_SE (Terceiro);-
342565940;BA;71;D;CAMAÇARI;BA-CAPITAL;JAU;01/05/2025 12:52:22;O&M ACESSO VIVO_N1_BA/SE_Sobressalente;-
342577568;CE;85;A+;FORTALEZA;;SHN;01/05/2025 18:28:41;O&M ACESSO VIVO_N1_NE_Acesso;-
342583507;CE;88;D;MERUOCA;;SFS;01/05/2025 21:38:17;O&M ACESSO VIVO_N1_NE_Acesso;-
342586794;BA;74;D;XIQUE-XIQUE;BA-NORTE;XQX;01/05/2025 23:46:41;O&M ACESSO VIVO_N1_BA/SE_Sobressalente;-
342593157;PE;81;A+;JABOATÃO DOS GUARARAPES;;OPI;02/05/2025 03:10:32;O&M ACESSO VIVO_N1_NE_Sobressalente;-
342596765;BA;71;A;SALVADOR;BA-CAPITAL;ATS;02/05/2025 05:14:44;O&M ACESSO VIVO_N1_BA/SE_Sobressalente;-
342598535;BA;75;C;ALAGOINHAS;BA-NORTE;AVS;02/05/2025 06:04:11;O&M ACESSO VIVO_N1_BA/SE;-
342599128;BA;71;B;LAURO DE FREITAS;BA-CAPITAL;ITN;02/05/2025 06:26:01;O&M ACESSO VIVO_N1_BA/SE_Sobressalente;-
342600637;BA;75;D;CORONEL JOÃO SÁ;BA-NORTE;CJS;02/05/2025 07:11:09;O&M ACESSO VIVO_N1_BA/SE;-
342600802;BA;71;D;CAMAÇARI;BA-CAPITAL;EDJ;02/05/2025 07:16:24;O&M ACESSO VIVO_N1_BA/SE_Sobressalente;-
342613468;PI;89;C;NOVO ORIENTE DO PIAUÍ;PICOS;NOO;02/05/2025 13:03:48;O&M ACESSO VIVO_N1_NE_Falta_AC;-
342614310;BA;;A;SALVADOR;BA-CAPITAL;RDA;02/05/2025 13:17:29;ICOMON_O&M-BA_SE (Terceiro);-
342619300;BA;74;A+;AMÉRICA DOURADA;BA-NORTE;ADB;02/05/2025 15:05:13;O&M ACESSO VIVO_N1_BA/SE_Sobressalente;-
342621932;CE;85;A+;FORTALEZA;;JTV;02/05/2025 15:44:05;O&M ACESSO VIVO_N1_NE_Acesso;-
342633550;BA;71;A;SALVADOR;BA-CAPITAL;SPN;02/05/2025 22:29:22;O&M ACESSO VIVO_N1_BA/SE;-
342633914;BA;75;E;MURITIBA;BA-SUL;PDC;02/05/2025 22:47:24;O&M ACESSO VIVO_N1_BA/SE_Sobressalente;-
342634221;BA;71;A;SALVADOR;BA-CAPITAL;MPL;02/05/2025 23:07:12;O&M ACESSO VIVO_N1_BA/SE_Sobressalente;-
342646692;SE;79;B;ESTÂNCIA;;SRR;03/05/2025 07:48:59;O&M ACESSO VIVO_N1_BA/SE_Sobressalente;-
342650135;BA;73;D;ILHÉUS;BA-SUL;USC;03/05/2025 09:48:02;O&M ACESSO VIVO_N1_BA/SE_Sobressalente;-
342668739;BA;71;B;LAURO DE FREITAS;BA-CAPITAL;LFG;03/05/2025 19:31:49;O&M ACESSO VIVO_N1_BA/SE_Sobressalente;-
342674416;BA;71;D;CAMAÇARI;BA-CAPITAL;POL;03/05/2025 23:37:03;O&M ACESSO VIVO_N1_BA/SE;-
342674875;BA;71;A;SALVADOR;;RMA;04/05/2025 00:00:31;O&M ACESSO VIVO_N1_BA/SE;-
342679861;SE;79;A+;NOSSA SENHORA DO SOCORRO;;BRA;04/05/2025 03:42:15;O&M ACESSO VIVO_N1_BA/SE;-
342685166;BA;71;C;VERA CRUZ;BA-SUL;CON;04/05/2025 07:38:44;O&M ACESSO VIVO_N1_BA/SE_Sobressalente;-
342698534;BA;74;A+;CAMPO FORMOSO;BA-NORTE;CFO;04/05/2025 15:32:38;O&M ACESSO VIVO_N1_BA/SE_Sobressalente;-
342730842;AL;82;B;MACEIÓ;;MCO;05/05/2025 10:53:22;O&M ACESSO VIVO_N1_NE_Sobressalente;-
342733310;BA;73;E;ITABELA;BA-SUL;IAC;05/05/2025 11:40:29;O&M ACESSO VIVO_N1_BA/SE;-
342756929;AL;82;C;PENEDO;;PEN;05/05/2025 22:13:43;O&M ACESSO VIVO_N1_BA/SE;-
342760841;BA;73;E;GUARATINGA;BA-SUL;GTA;06/05/2025 00:33:02;O&M ACESSO VIVO_N1_BA/SE_Sobressalente;-
342764939;BA;71;C;ITAPARICA;BA-SUL;BMP;06/05/2025 02:34:11;BBN-SOBRESSALENTES;-
342782328;BA;75;B;FEIRA DE SANTANA;BA-NORTE;FSM;06/05/2025 11:42:07;O&M ACESSO VIVO_N1_BA/SE_Acesso;-
342783605;SE;79;A+;RIBEIRÓPOLIS;;RBP;06/05/2025 12:07:25;O&M ACESSO VIVO_N1_BA/SE;-
342801131;SE;79;A+;ARACAJU;;NTP;06/05/2025 18:25:32;O&M ACESSO VIVO_N1_BA/SE;-
342809215;BA;77;A+;BARREIRAS;BA-OESTE;BBS;06/05/2025 22:14:41;ICOMON_O&M-BA_SE (Terceiro);-
342809218;BA;77;A;SÃO DESIDÉRIO;;PLD;06/05/2025 22:14:43;ICOMON_O&M-BA_SE (Terceiro);-
342810629;BA;71;A;SALVADOR;BA-CAPITAL;BDA;06/05/2025 23:12:18;O&M ACESSO VIVO_N1_BA/SE_Sobressalente;-
342811011;BA;71;A+;SÃO SEBASTIÃO DO PASSÉ;BA-CAPITAL;PFX;06/05/2025 23:32:57;ICOMON_O&M-BA_SE (Terceiro);-
342821700;BA;71;A;SALVADOR;BA-CAPITAL;ROM;07/05/2025 07:15:57;O&M ACESSO VIVO_N1_BA/SE_Sobressalente;-
342828363;CE;88;D;NOVA RUSSAS;;NRC;07/05/2025 10:20:48;O&M ACESSO VIVO_N1_NE;-
342828625;PI;86;A+;PARNAÍBA;PARNAÍBA;CRW;07/05/2025 10:25:33;ICOMON_O&M-NE (Terceiro);-
342829093;BA;75;B;FEIRA DE SANTANA;BA-NORTE;SIM;07/05/2025 10:33:44;O&M ACESSO VIVO_N1_BA/SE_Sobressalente;-
342835370;BA;71;D;MATA DE SÃO JOÃO;BA-CAPITAL;CSU;07/05/2025 13:05:07;O&M ACESSO VIVO_N1_BA/SE_Sobressalente;-
342840418;BA;77;D;BAIANÓPOLIS;BA-OESTE;BPS;07/05/2025 14:52:14;O&M ACESSO VIVO_N1_BA/SE_Sobressalente;-
342853007;PB;83;B;SOUSA;;XSS;07/05/2025 19:36:34;O&M ACESSO VIVO_N1_NE_Sobressalente;-
342854155;BA;75;D;CAIRU;BA-SUL;MSP;07/05/2025 20:15:28;O&M ACESSO VIVO_N1_BA/SE_Sobressalente;-
342861687;BA;73;E;SANTA CRUZ CABRÁLIA;BA-SUL;SCC;08/05/2025 01:08:52;O&M ACESSO VIVO_N1_BA/SE_Sobressalente;-
342871212;BA;71;A;SALVADOR;BA-CAPITAL;EPJ;08/05/2025 07:29:22;O&M ACESSO VIVO_N1_BA/SE_Sobressalente;-
342873539;BA;71;;DIAS D'ÁVILA;BA-CAPITAL;DDC;08/05/2025 08:49:42;O&M ACESSO VIVO_N1_BA/SE_Sobressalente;-
342885106;BA;75;C;ALAGOINHAS;BA-NORTE;ACM;08/05/2025 12:12:05;O&M ACESSO VIVO_N1_BA/SE;-
342895342;RN;84;A+;PARNAMIRIM;;MLA;08/05/2025 15:25:42;ICOMON_O&M-NE (Terceiro);-
342897511;BA;77;C;SANTA RITA DE CÁSSIA;BA-OESTE;SRE;08/05/2025 16:04:11;O&M ACESSO VIVO_N1_BA/SE_Sobressalente;-
342898584;PI;89;C;FLORIANO;FLORIANO;FFR;08/05/2025 16:19:28;ICOMON_O&M-NE (Terceiro);-
342899971;CE;;A+;TAMBORIL;;XTO;08/05/2025 16:42:30;O&M ACESSO VIVO_N1_NE_Sobressalente;-
342902970;BA;75;D;JANDAÍRA;BA-NORTE;JAN;08/05/2025 17:56:02;O&M ACESSO VIVO_N1_BA/SE;-
342905710;CE;88;C;QUIXADÁ;;QXS;08/05/2025 19:32:10;O&M ACESSO VIVO_N1_NE;-
342906850;CE;88;C;ACOPIARA;;BDI;08/05/2025 20:24:03;ICOMON_O&M-NE (Terceiro);-
342909009;BA;73;E;NOVA IBIÁ;BA-SUL;NIB;08/05/2025 21:39:36;ICOMON_O&M-BA_SE (Terceiro);-
342910516;BA;77;A+;LIVRAMENTO DE NOSSA SENHORA;BA-OESTE;LLC;08/05/2025 22:55:35;O&M ACESSO VIVO_N1_BA/SE_Sobressalente;-
342919610;BA;75;A+;SANTA BÁRBARA;BA-NORTE;STB;09/05/2025 06:34:20;O&M ACESSO VIVO_N1_BA/SE_Sobressalente;-
342922052;BA;71;A;SALVADOR;BA-CAPITAL;PAQ;09/05/2025 07:49:30;O&M ACESSO VIVO_N1_BA/SE_Sobressalente;-
342931726;BA;73;A+;ITABUNA;BA-SUL;ITT;09/05/2025 11:00:04;O&M ACESSO VIVO_N1_BA/SE_Sobressalente;-
342933219;BA;71;D;MATA DE SÃO JOÃO;BA-CAPITAL;ASA;09/05/2025 11:34:13;O&M ACESSO VIVO_N1_BA/SE;-
342933845;BA;;C;BRUMADO;;MGT;09/05/2025 11:47:32;O&M ACESSO VIVO_N1_BA/SE_Fatura_B;-
342937902;BA;71;D;MATA DE SÃO JOÃO;BA-CAPITAL;ASA;09/05/2025 13:23:26;O&M ACESSO VIVO_N1_BA/SE_Sobressalente;-
342939423;RN;84;B;JANUÁRIO CICCO;;JNO;09/05/2025 14:08:44;ICOMON_O&M-NE (Terceiro);-
342943142;BA;71;A;SALVADOR;BA-CAPITAL;JPP;09/05/2025 15:31:04;O&M ACESSO VIVO_N1_BA/SE;-
342944576;SE;79;D;ROSÁRIO DO CATETE;;VRD;09/05/2025 16:03:31;O&M ACESSO VIVO_N1_BA/SE_Acesso;-
342952211;BA;75;E;ESPLANADA;BA-NORTE;EPP;09/05/2025 18:01:42;O&M ACESSO VIVO_N1_BA/SE_Sobressalente;-
342957352;PB;;A+;JOÃO PESSOA;;MOR;09/05/2025 20:27:30;O&M ACESSO VIVO_N1_NE_Acesso;-
342958235;BA;73;B;PORTO SEGURO;;PDP;09/05/2025 21:02:20;O&M ACESSO VIVO_N1_BA/SE_Sobressalente;-
342959666;PI;86;A+;TERESINA;TERESINA;UPI;09/05/2025 22:02:03;ICOMON_O&M-NE (Terceiro);-
342960413;BA;71;A;SALVADOR;BA-CAPITAL;LPT;09/05/2025 22:28:43;O&M ACESSO VIVO_N1_BA/SE_Sobressalente;-
342961363;PE;87;A+;SERRA TALHADA;;XHZ;09/05/2025 23:21:05;ICOMON_O&M-NE (Terceiro);-
342962324;PI;86;E;BOA HORA;ESPERANTINA;BOH;10/05/2025 00:05:04;ICOMON_O&M-NE (Terceiro);-
342964398;SE;79;B;UMBAÚBA;;UUB;10/05/2025 01:32:37;O&M ACESSO VIVO_N1_BA/SE_Sobressalente;-
342964984;SE;79;A+;RIBEIRÓPOLIS;;RBP;10/05/2025 02:02:35;O&M ACESSO VIVO_N1_BA/SE_Fatura_B;-
342968354;PI;86;A+;BOQUEIRÃO DO PIAUÍ;ESPERANTINA;BQP;10/05/2025 04:30:21;O&M ACESSO VIVO_N1_NE_Fatura_B;-
342969187;SE;79;B;ESTÂNCIA;;NEB;10/05/2025 05:18:56;ICOMON_O&M-BA_SE (Terceiro);-
342972364;BA;71;A;SALVADOR;BA-CAPITAL;UCS;10/05/2025 08:23:35;O&M ACESSO VIVO_N1_BA/SE;-
342974950;BA;71;A;SALVADOR;BA-CAPITAL;BMS;10/05/2025 10:21:34;O&M ACESSO VIVO_N1_BA/SE_Sobressalente;-
342976925;BA;;B;FEIRA DE SANTANA;BA-NORTE;FSM;10/05/2025 13:30:49;O&M ACESSO VIVO_N1_BA/SE_Acesso;-
342976927;SE;;C;LARANJEIRAS;;FBL;10/05/2025 13:30:50;O&M ACESSO VIVO_N1_BA/SE_Sobressalente;-
342976929;SE;;C;LARANJEIRAS;;FBL;10/05/2025 13:30:50;O&M ACESSO VIVO_N1_BA/SE_Sobressalente;-
342978355;BA;;D;CAMAÇARI;BA-CAPITAL;JAU;10/05/2025 15:35:48;O&M ACESSO VIVO_N1_BA/SE_Sobressalente;-
342980853;BA;73;E;IGRAPIÚNA;BA-SUL;IPA;10/05/2025 16:16:42;ICOMON_O&M-BA_SE (Terceiro);-
342987090;BA;75;A+;VALENÇA;BA-SUL;RUD;10/05/2025 20:21:23;O&M ACESSO VIVO_N1_BA/SE_Sobressalente;-
342990158;PI;86;D;LUÍS CORREIA;PARNAÍBA;BRP;10/05/2025 23:52:00;ICOMON_O&M-NE (Terceiro);-
342990353;PI;86;A+;TERESINA;;RSS;10/05/2025 23:52:22;O&M ACESSO VIVO_N1_NE_Acesso;-
342990746;AL;82;B;MACEIÓ;;THC;10/05/2025 23:55:40;O&M ACESSO VIVO_N1_BA/SE_Sobressalente;-
342991201;BA;74;B;JUAZEIRO;BA-NORTE;JUP;11/05/2025 00:05:24;ICOMON_O&M-BA_SE (Terceiro);-
342991779;BA;74;E;VÁRZEA DA ROÇA;BA-NORTE;VDR;11/05/2025 00:24:23;O&M ACESSO VIVO_N1_BA/SE_Sobressalente;-
342992298;BA;71;D;CAMAÇARI;BA-CAPITAL;CRH;11/05/2025 00:39:24;O&M ACESSO VIVO_N1_BA/SE_Sobressalente;-
342993691;SE;79;C;CAPELA;;CLM;11/05/2025 01:20:34;O&M ACESSO VIVO_N1_BA/SE_Sobressalente;-
342994775;BA;71;D;CANDEIAS;BA-CAPITAL;CZP;11/05/2025 02:07:57;O&M ACESSO VIVO_N1_BA/SE_Sobressalente;-
342995025;PE;87;A+;PESQUEIRA;;PQB;11/05/2025 02:23:51;ICOMON_O&M-NE (Terceiro);-
342995722;BA;;D;IBITITÁ;BA-NORTE;IFN;11/05/2025 02:50:26;O&M ACESSO VIVO_N1_BA/SE_Sobressalente;-
342995877;AL;82;B;MACEIÓ;;XFP;11/05/2025 02:57:06;O&M ACESSO VIVO_N1_NE_Sobressalente;-
342996949;CE;85;D;HORIZONTE;;HZC;11/05/2025 03:58:25;O&M ACESSO VIVO_N1_NE_Acesso;-
343002562;PB;83;A+;CAMPINA GRANDE;;PMI;11/05/2025 07:39:29;ICOMON_O&M-NE (Terceiro);-
343004084;BA;75;C;ENTRE RIOS;BA-NORTE;MRP;11/05/2025 08:40:08;O&M ACESSO VIVO_N1_BA/SE_Sobressalente;-
343007424;AL;82;D;INHAPI;;INH;11/05/2025 10:28:17;ICOMON_O&M-NE (Terceiro);-
343013605;SE;79;A+;RIBEIRÓPOLIS;;RBP;11/05/2025 13:34:05;O&M ACESSO VIVO_N1_BA/SE_Sobressalente;-
343016499;PI;89;A;CANTO DO BURITI;SÃO RAIMUNDO NONATO;CII;11/05/2025 14:54:16;ICOMON_O&M-NE (Terceiro);-
343023441;BA;74;C;IRECÊ;BA-NORTE;IAL;11/05/2025 18:21:21;O&M ACESSO VIVO_N1_BA/SE_Sobressalente;-
343027685;BA;73;D;SANTA LUZIA;BA-SUL;SLZ;11/05/2025 20:53:20;O&M ACESSO VIVO_N1_BA/SE_Sobressalente;-
343035564;PI;86;A+;TERESINA;TERESINA;CRI;12/05/2025 01:54:14;ICOMON_O&M-NE (Terceiro);-
343038542;BA;73;A+;MUCURI;BA-SUL;SZN;12/05/2025 03:42:21;O&M ACESSO VIVO_N1_BA/SE_Sobressalente;-
343046208;BA;75;C;ENTRE RIOS;BA-NORTE;MRP;12/05/2025 08:22:56;O&M ACESSO VIVO_N1_BA/SE_Sobressalente;-
343049038;AL;82;B;MACEIÓ;;SSM;12/05/2025 09:35:02;O&M ACESSO VIVO_N1_BA/SE_Sobressalente;-
343049227;PB;83;D;AROEIRAS;;ARO;12/05/2025 09:39:12;ICOMON_O&M-NE (Terceiro);-
343051484;BA;71;D;CAMAÇARI;BA-CAPITAL;ARB;12/05/2025 10:27:05;O&M ACESSO VIVO_N1_BA/SE_Sobressalente;-
343054546;BA;74;B;JUAZEIRO;BA-NORTE;JCC;12/05/2025 11:23:25;O&M ACESSO VIVO_N1_BA/SE_Sobressalente;-
343058193;BA;;D;CAMAÇARI;BA-CAPITAL;EDJ;12/05/2025 12:32:29;ICOMON_O&M-BA_SE (Terceiro);-
343060928;CE;;A+;QUIXERAMOBIM;;XSM;12/05/2025 13:27:30;O&M ACESSO VIVO_N1_NE_Fatura_B;-
343067089;BA;75;E;QUIJINGUE;BA-NORTE;QJG;12/05/2025 15:36:16;O&M ACESSO VIVO_N1_BA/SE_Sobressalente;-
343067357;BA;71;A;SALVADOR;BA-CAPITAL;OPH;12/05/2025 15:41:51;O&M ACESSO VIVO_N1_BA/SE_Sobressalente;-
343068193;BA;71;A;SALVADOR;BA-CAPITAL;SNV;12/05/2025 15:58:25;O&M ACESSO VIVO_N1_BA/SE_Sobressalente;-
343069167;BA;74;B;JUAZEIRO;BA-NORTE;JCC;12/05/2025 16:17:07;O&M ACESSO VIVO_N1_BA/SE_Sobressalente;-
343070947;BA;77;A+;VITÓRIA DA CONQUISTA;BA-OESTE;VCA;12/05/2025 16:49:06;O&M ACESSO VIVO_N1_BA/SE_Fatura_B;-
343073758;PE;81;A+;RECIFE;;MTM;12/05/2025 18:01:57;ICOMON_O&M-NE (Terceiro);-
343075154;PE;81;A+;CARUARU;;ECB;12/05/2025 18:41:02;ICOMON_O&M-NE (Terceiro);-
343075983;BA;74;D;REMANSO;;NRE;12/05/2025 19:00:47;O&M ACESSO VIVO_N1_BA/SE_Sobressalente;-
343077997;BA;71;A;SALVADOR;BA-CAPITAL;OPH;12/05/2025 20:00:49;O&M ACESSO VIVO_N1_BA/SE_Sobressalente;-
343078303;BA;73;E;NILO PEÇANHA;BA-SUL;NLP;12/05/2025 20:06:49;O&M ACESSO VIVO_N1_BA/SE_Sobressalente;-
343079870;PE;81;D;GOIANA;;GFB;12/05/2025 20:50:30;O&M ACESSO VIVO_N1_NE;-
343079989;PE;81;D;GOIANA;;GFB;12/05/2025 20:55:53;O&M ACESSO VIVO_N1_NE;-
343085575;PE;81;C;SÃO LOURENÇO DA MATA;;ACD;13/05/2025 00:16:37;ICOMON_O&M-NE (Terceiro);-
343099120;BA;71;A;SALVADOR;BA-CAPITAL;OPH;13/05/2025 08:33:01;O&M ACESSO VIVO_N1_BA/SE_Sobressalente;-
343099437;BA;77;C;SANTA RITA DE CÁSSIA;BA-OESTE;SRE;13/05/2025 08:39:10;O&M ACESSO VIVO_N1_BA/SE_Sobressalente;-
343099493;BA;71;A;SALVADOR;BA-CAPITAL;PAQ;13/05/2025 08:41:00;O&M ACESSO VIVO_N1_BA/SE_Sobressalente;-
343105423;SE;79;B;ITABAIANA;;ISE;13/05/2025 10:56:09;O&M ACESSO VIVO_N1_BA/SE;-
343108976;BA;71;A;SALVADOR;BA-CAPITAL;AQN;13/05/2025 12:09:52;ICOMON_O&M-BA_SE (Terceiro);-
343109584;BA;73;E;SANTA CRUZ CABRÁLIA;BA-SUL;CRV;13/05/2025 12:22:33;O&M ACESSO VIVO_N1_BA/SE_Sobressalente;-
343114532;BA;75;C;MARAGOGIPE;;MGI;13/05/2025 14:23:40;ICOMON_O&M-BA_SE (Terceiro);-
343119806;BA;71;D;CAMAÇARI;BA-CAPITAL;EDJ;13/05/2025 15:59:38;O&M ACESSO VIVO_N1_BA/SE_Sobressalente;-
343120049;BA;71;D;CAMAÇARI;BA-CAPITAL;JAU;13/05/2025 16:03:43;O&M ACESSO VIVO_N1_BA/SE_Sobressalente;-
343121074;SE;79;A+;ARACAJU;;CMC;13/05/2025 16:26:04;O&M ACESSO VIVO_N1_BA/SE_Sobressalente;-
343124953;BA;71;D;CAMAÇARI;BA-CAPITAL;EDJ;13/05/2025 17:48:28;O&M ACESSO VIVO_N1_BA/SE_Sobressalente;-
343127135;SE;79;A+;ARACAJU;;NTP;13/05/2025 18:42:05;O&M ACESSO VIVO_N1_BA/SE_Sobressalente;-
343134062;PI;89;A+;PICOS;PICOS;UUP;13/05/2025 22:02:58;ICOMON_O&M-NE (Terceiro);-
343134854;SE;79;B;ESTÂNCIA;;SRR;13/05/2025 22:29:08;ICOMON_O&M-BA_SE (Terceiro);-
343143595;CE;85;A+;FORTALEZA;;RFZ;14/05/2025 03:08:31;O&M ACESSO VIVO_N1_NE_Acesso;-
343144049;BA;75;E;SANTA TEREZINHA;BA-NORTE;PBR;14/05/2025 03:21:50;O&M ACESSO VIVO_N1_BA/SE_Sobressalente;-
343150949;BA;77;B;GUANAMBI;BA-OESTE;GHR;14/05/2025 07:34:24;O&M ACESSO VIVO_N1_BA/SE_Fatura_B;-
343155219;BA;77;B;BOM JESUS DA LAPA;;CJE;14/05/2025 09:21:51;O&M ACESSO VIVO_N1_BA/SE_Fatura_B;-
343158178;PE;87;A+;SERRA TALHADA;;XHZ;14/05/2025 10:11:03;O&M ACESSO VIVO_N1_NE_Fatura_B;-
343161130;BA;75;B;FEIRA DE SANTANA;;H24;14/05/2025 11:01:46;ICOMON_O&M-BA_SE (Terceiro);-
343161323;BA;71;A;SALVADOR;BA-CAPITAL;TCS;14/05/2025 11:04:31;ICOMON_O&M-BA_SE (Terceiro);-
343161985;BA;73;D;ILHÉUS;;ATG;14/05/2025 11:15:49;ICOMON_O&M-BA_SE (Terceiro);-
343163085;SE;79;A+;ARACAJU;;SJE;14/05/2025 11:37:04;O&M ACESSO VIVO_N1_BA/SE_Acesso;-
343168940;SE;79;A+;ARACAJU;;ARQ;14/05/2025 13:49:28;O&M ACESSO VIVO_N1_BA/SE_Sobressalente;-
343176119;SE;79;B;ILHA DAS FLORES;;IFL;14/05/2025 16:35:19;O&M ACESSO VIVO_N1_BA/SE_Fatura_B;-
343176224;BA;71;A;SALVADOR;BA-CAPITAL;HAN;14/05/2025 16:37:29;O&M ACESSO VIVO_N1_BA/SE;-
343176866;PE;81;A+;RECIFE;;ORJ;14/05/2025 16:48:24;O&M ACESSO VIVO_N1_NE_Fatura_B;-
343180310;BA;71;A;SALVADOR;BA-CAPITAL;AMA;14/05/2025 18:03:46;O&M ACESSO VIVO_N1_BA/SE;-
343180444;BA;71;C;CATU;BA-CAPITAL;CTE;14/05/2025 18:08:10;ICOMON_O&M-BA_SE (Terceiro);-
343180922;BA;71;A;SALVADOR;BA-CAPITAL;ASL;14/05/2025 18:23:16;O&M ACESSO VIVO_N1_BA/SE_Acesso;-
343182687;SE;79;A+;ARACAJU;;CMC;14/05/2025 19:27:11;O&M ACESSO VIVO_N1_BA/SE_Sobressalente;-
343184234;PI;86;A+;MORRO DO CHAPÉU DO PIAUÍ;ESPERANTINA;MCU;14/05/2025 20:02:59;ICOMON_O&M-NE (Terceiro);-
343184774;PE;81;A+;RECIFE;;IMZ;14/05/2025 20:24:15;ICOMON_O&M-NE (Terceiro);-
343186222;PE;81;A+;RECIFE;;RIM;14/05/2025 21:07:30;ICOMON_O&M-NE (Terceiro);-
343188096;PE;81;C;VICÊNCIA;;XVI;14/05/2025 22:07:07;O&M ACESSO VIVO_N1_NE;-
343193631;PB;83;A+;JOÃO PESSOA;;CRX;15/05/2025 01:35:06;O&M ACESSO VIVO_N1_NE_Sobressalente;-
343197966;PE;81;D;GOIANA;;FIT;15/05/2025 04:19:53;O&M ACESSO VIVO_N1_NE_Acesso;-
343200762;PE;81;A+;RECIFE;;JSF;15/05/2025 06:26:36;ICOMON_O&M-NE (Terceiro);-
343204562;RN;84;A+;NATAL;;PST;15/05/2025 08:38:26;ICOMON_O&M-NE (Terceiro);-
343209701;BA;77;C;JABORANDI;BA-OESTE;JBD;15/05/2025 10:40:31;O&M ACESSO VIVO_N1_BA/SE_Falta_AC;-
343210050;SE;79;B;ITABAIANA;;RBR;15/05/2025 10:48:15;O&M ACESSO VIVO_N1_BA/SE;-
343219479;BA;71;D;CAMAÇARI;BA-CAPITAL;CPV;15/05/2025 14:07:45;O&M ACESSO VIVO_N1_BA/SE_Sobressalente;-
343219488;CE;88;B;JAGUARIBE;;XJA;15/05/2025 14:08:05;O&M ACESSO VIVO_N1_NE_Sobressalente;-
343219657;BA;71;A;SALVADOR;BA-CAPITAL;PPT;15/05/2025 14:11:14;O&M ACESSO VIVO_N1_BA/SE_Sobressalente;-
343220719;AL;82;B;MACEIÓ;;GXM;15/05/2025 14:33:44;O&M ACESSO VIVO_N1_BA/SE;-
343221970;BA;75;C;ALAGOINHAS;BA-NORTE;ALG;15/05/2025 14:55:49;O&M ACESSO VIVO_N1_BA/SE_Vandalismo;-
343227189;SE;79;A+;ARACAJU;;EBT;15/05/2025 16:43:55;O&M ACESSO VIVO_N1_BA/SE_Sobressalente;-
343229963;BA;74;A+;AMÉRICA DOURADA;BA-NORTE;ADB;15/05/2025 17:38:04;O&M ACESSO VIVO_N1_BA/SE_Sobressalente;-
343231397;PB;83;E;RIACHÃO;;RHO;15/05/2025 18:20:03;ICOMON_O&M-NE (Terceiro);-
343231765;BA;77;C;LUÍS EDUARDO MAGALHÃES;BA-OESTE;LED;15/05/2025 18:31:31;O&M ACESSO VIVO_N1_BA/SE_Sobressalente;-
343231971;BA;77;C;LUÍS EDUARDO MAGALHÃES;BA-OESTE;LXN;15/05/2025 18:38:11;O&M ACESSO VIVO_N1_BA/SE_Fatura_B;-
343234716;PI;89;A+;DOM INOCÊNCIO;SÃO RAIMUNDO NONATO;DIN;15/05/2025 19:47:59;ICOMON_O&M-NE (Terceiro);-
343239498;BA;75;D;CAIRU;;PP1;15/05/2025 22:52:58;O&M ACESSO VIVO_N1_BA/SE;-
343247540;BA;71;A;SALVADOR;BA-CAPITAL;OPH;16/05/2025 04:03:42;O&M ACESSO VIVO_N1_BA/SE_Sobressalente;-
343252709;BA;71;A;SALVADOR;;STM;16/05/2025 07:45:02;O&M ACESSO VIVO_N1_BA/SE;-
343258414;BA;71;D;SÃO FRANCISCO DO CONDE;;NRL;16/05/2025 10:18:33;ICOMON_O&M-BA_SE (Terceiro);-
343259259;PE;81;A+;RECIFE;;IMZ;16/05/2025 10:40:27;ICOMON_O&M-NE (Terceiro);-
343262674;CE;88;C;ACOPIARA;;SAN;16/05/2025 11:50:52;O&M ACESSO VIVO_N1_NE_Sobressalente;-
343263699;PI;86;C;PEDRO II;TERESINA;PDO;16/05/2025 12:16:04;ICOMON_O&M-NE (Terceiro);-
343265520;PE;81;D;PALMARES;;OQM;16/05/2025 12:59:46;ICOMON_O&M-NE (Terceiro);-
343265568;PI;89;D;SÃO JULIÃO;PICOS;JUL;16/05/2025 13:00:55;ICOMON_O&M-NE (Terceiro)_Sobressalente;-
343271956;SE;79;B;ESTÂNCIA;;EMO;16/05/2025 15:49:30;ICOMON_O&M-BA_SE (Terceiro);-
343276147;CE;88;B;AMONTADA;;AMS;16/05/2025 17:42:12;ICOMON_O&M-NE (Terceiro);-
343277257;BA;75;C;OLINDINA;BA-NORTE;OLN;16/05/2025 18:21:33;O&M ACESSO VIVO_N1_BA/SE_Sobressalente;-
343278012;BA;73;B;TEIXEIRA DE FREITAS;BA-SUL;TKS;16/05/2025 18:51:15;ICOMON_O&M-BA_SE (Terceiro);-
343279656;AL;82;B;MACEIÓ;;PKH;16/05/2025 20:01:18;O&M ACESSO VIVO_N1_BA/SE_Sobressalente;-
343281509;PI;86;D;LUÍS CORREIA;PARNAÍBA;CQP;16/05/2025 21:21:41;O&M ACESSO VIVO_N1_NE_Acesso;-
343282395;SE;79;A+;RIBEIRÓPOLIS;;RBP;16/05/2025 22:06:19;O&M ACESSO VIVO_N1_NE_Fatura_B;-
343282450;BA;75;C;MARAGOGIPE;BA-SUL;MGP;16/05/2025 22:08:33;ICOMON_O&M-BA_SE (Terceiro);-
343283493;BA;75;C;ALAGOINHAS;BA-NORTE;ACV;16/05/2025 22:47:33;ICOMON_O&M-BA_SE (Terceiro);-
343283536;BA;75;C;ENTRE RIOS;BA-NORTE;MRP;16/05/2025 22:48:04;O&M ACESSO VIVO_N1_BA/SE_Sobressalente;-
343283577;CE;85;A+;FORTALEZA;;OGQ;16/05/2025 22:48:36;O&M ACESSO VIVO_N1_NE_Acesso;-
343288241;PI;86;C;BARRAS;ESPERANTINA;BRR;17/05/2025 02:29:18;ICOMON_O&M-NE (Terceiro);-
343289576;BA;73;A+;EUNÁPOLIS;BA-SUL;EUL;17/05/2025 03:34:12;ICOMON_O&M-BA_SE (Terceiro);-
343291202;BA;71;D;CANDEIAS;BA-CAPITAL;CBM;17/05/2025 05:09:56;O&M ACESSO VIVO_N1_BA/SE_Sobressalente;-
343292611;AL;82;B;MACEIÓ;;JAT;17/05/2025 06:18:02;O&M ACESSO VIVO_N1_NE_Sobressalente;-
343293206;PI;86;A+;TERESINA;TERESINA;OLE;17/05/2025 06:48:38;ICOMON_O&M-NE (Terceiro);-
343294044;PB;83;A+;JOÃO PESSOA;;XBC;17/05/2025 07:29:57;O&M ACESSO VIVO_N1_NE_Sobressalente;-
343294929;RN;84;A+;NATAL;;FLU;17/05/2025 08:04:01;ICOMON_O&M-NE (Terceiro);-
343297138;BA;75;C;ENTRE RIOS;BA-NORTE;MRP;17/05/2025 09:23:26;O&M ACESSO VIVO_N1_BA/SE_Sobressalente;-
343297315;AL;82;B;MACEIÓ;;TRA;17/05/2025 09:29:40;ICOMON_O&M-NE (Terceiro);-
343308868;CE;88;A+;IGUATU;;BBB;17/05/2025 15:09:03;O&M ACESSO VIVO_N1_NE_Acesso;-
343309285;PI;89;B;BOM JESUS;;1BG;17/05/2025 15:21:55;O&M ACESSO VIVO_N1_NE;-
343312017;BA;73;B;PORTO SEGURO;BA-SUL;ADA;17/05/2025 16:28:42;O&M ACESSO VIVO_N1_BA/SE_Sobressalente;-
343317980;BA;77;C;BRUMADO;;PJR;17/05/2025 19:56:30;O&M ACESSO VIVO_N1_BA/SE_Acesso;-
343319834;BA;71;A;SALVADOR;BA-CAPITAL;TCS;17/05/2025 21:09:16;ICOMON_O&M-BA_SE (Terceiro);-
343320113;SE;79;B;PACATUBA;;PKT;17/05/2025 21:21:54;ICOMON_O&M-BA_SE (Terceiro);-
343321155;BA;75;D;NOVA SOURE;BA-NORTE;NOC;17/05/2025 22:11:00;O&M ACESSO VIVO_N1_BA/SE_Sobressalente;-
343323270;AL;82;B;MACEIÓ;;PKH;17/05/2025 23:56:00;O&M ACESSO VIVO_N1_NE_Sobressalente;-
343325268;SE;79;;ITAPORANGA D'AJUDA;;IJD;18/05/2025 01:21:33;O&M ACESSO VIVO_N1_BA/SE_Sobressalente;-
343325818;AL;82;B;MACEIÓ;;OBL;18/05/2025 04:33:07;O&M ACESSO VIVO_N1_BA/SE_Sobressalente;-
343326015;BA;71;A;SALVADOR;BA-CAPITAL;CLB;18/05/2025 04:49:29;O&M ACESSO VIVO_N1_BA/SE_Sobressalente;-
343327174;BA;71;A;SALVADOR;BA-CAPITAL;MND;18/05/2025 05:56:59;O&M ACESSO VIVO_N1_BA/SE;-
343328646;AL;82;C;TAQUARANA;;TQR;18/05/2025 07:18:39;ICOMON_O&M-NE (Terceiro);-
343329035;PE;87;A+;DORMENTES;;DCA;18/05/2025 07:34:10;O&M ACESSO VIVO_N1_NE_Sobressalente;-
343329832;BA;77;C;LUÍS EDUARDO MAGALHÃES;BA-OESTE;LED;18/05/2025 07:45:45;O&M ACESSO VIVO_N1_BA/SE_Sobressalente;-
343330519;PE;81;A+;JABOATÃO DOS GUARARAPES;;DPD;18/05/2025 07:46:04;O&M ACESSO VIVO_N1_NE_Sobressalente;-
343330929;BA;73;A+;ITABUNA;BA-SUL;FRD;18/05/2025 07:46:17;O&M ACESSO VIVO_N1_BA/SE_Sobressalente;-
343331459;BA;75;D;RIO REAL;BA-NORTE;RRC;18/05/2025 07:46:35;O&M ACESSO VIVO_N1_BA/SE_Sobressalente;-
343332179;BA;77;D;OLIVEIRA DOS BREJINHOS;;OIP;18/05/2025 08:07:51;O&M ACESSO VIVO_N1_BA/SE_Acesso;-
343338899;BA;75;A+;IRARÁ;BA-NORTE;IRA;18/05/2025 10:53:48;O&M ACESSO VIVO_N1_BA/SE_Sobressalente;-
343339688;PI;86;A+;MORRO DO CHAPÉU DO PIAUÍ;ESPERANTINA;MCU;18/05/2025 11:06:06;ICOMON_O&M-NE (Terceiro);-
343341047;BA;71;D;MATA DE SÃO JOÃO;BA-CAPITAL;ASA;18/05/2025 11:35:58;ICOMON_O&M-BA_SE (Terceiro);-
343342437;BA;73;E;CAMACAN;BA-SUL;CAM;18/05/2025 12:14:58;O&M ACESSO VIVO_N1_BA/SE_Sobressalente;-
343342901;BA;75;C;ENTRE RIOS;BA-NORTE;MRP;18/05/2025 12:26:05;O&M ACESSO VIVO_N1_BA/SE_Sobressalente;-
343344962;PE;;A+;RECIFE;;XCM;18/05/2025 13:31:29;O&M ACESSO VIVO_N1_NE_Sobressalente;-
343348813;BA;75;E;CACHOEIRA;BA-SUL;CHE;18/05/2025 15:14:56;O&M ACESSO VIVO_N1_BA/SE;-
343351722;AL;;A+;SÃO MIGUEL DOS CAMPOS;;XSC;18/05/2025 16:14:30;O&M ACESSO VIVO_N1_BA/SE;-
343370809;SE;79;B;SIMÃO DIAS;;SDS;18/05/2025 23:00:01;O&M ACESSO VIVO_N1_BA/SE_Sobressalente;-
343370865;AL;82;B;MACEIÓ;;THC;18/05/2025 23:01:14;O&M ACESSO VIVO_N1_NE_Sobressalente;-
343370976;AL;82;B;MACEIÓ;;PGL;18/05/2025 23:03:28;ICOMON_O&M-NE (Terceiro);-
343372145;AL;82;B;MARECHAL DEODORO;;MHS;18/05/2025 23:23:21;ICOMON_O&M-NE (Terceiro);-
343375151;PI;86;A+;TERESINA;TERESINA;SRA;19/05/2025 00:34:25;ICOMON_O&M-NE (Terceiro);-
343376722;BA;74;B;CAFARNAUM;;CFP;19/05/2025 01:10:14;ICOMON_O&M-BA_SE (Terceiro);-
343388899;PI;86;C;BARRAS;ESPERANTINA;BRR;19/05/2025 06:05:02;ICOMON_O&M-NE (Terceiro);-
343392156;SE;79;A+;ARACAJU;;NAP;19/05/2025 07:10:46;O&M ACESSO VIVO_N1_BA/SE_Fatura_B;-
343406944;PE;81;B;CAMARAGIBE;;ADE;19/05/2025 11:17:44;O&M ACESSO VIVO_N1_NE_Sobressalente;-
343407267;AL;82;B;MACEIÓ;;PRQ;19/05/2025 11:22:58;ICOMON_O&M-NE (Terceiro);-
343409431;BA;73;B;PORTO SEGURO;BA-SUL;ADA;19/05/2025 11:57:34;O&M ACESSO VIVO_N1_BA/SE_Sobressalente;-
343415332;AL;82;B;MACEIÓ;;MBI;19/05/2025 13:34:50;ICOMON_O&M-NE (Terceiro);-
343415343;BA;75;A+;MUTUÍPE;BA-SUL;MUE;19/05/2025 13:35:06;O&M ACESSO VIVO_N1_BA/SE_Sobressalente;-
343420964;PB;83;A+;CABEDELO;;JRP;19/05/2025 14:56:05;O&M ACESSO VIVO_N1_NE_Acesso;-
343421181;BA;77;A+;BARREIRAS;BA-OESTE;BVB;19/05/2025 14:59:13;ICOMON_O&M-BA_SE (Terceiro);-
343424598;BA;;E;CAMPO ALEGRE DE LOURDES;;XAL;19/05/2025 15:38:19;ICOMON_O&M-BA_SE (Terceiro);-
343425968;BA;;A;SALVADOR;BA-CAPITAL;MTU;19/05/2025 15:56:29;O&M ACESSO VIVO_N1_BA/SE;-
343428335;BA;71;A;SALVADOR;BA-CAPITAL;LBE;19/05/2025 16:29:12;O&M ACESSO VIVO_N1_BA/SE;-
343428480;PB;83;A+;JOÃO PESSOA;;JPA;19/05/2025 16:32:00;ICOMON_O&M-NE (Terceiro);-
343429501;PI;;D;ALVORADA DO GURGUÉIA;BOM JESUS;ALG;19/05/2025 16:46:30;ICOMON_O&M-NE (Terceiro);-